{
  "unit": 3,
  "IF": {
    "pre": 0.6666666666666666,
    "mid": 0.09523809523809523,
    "post": 0.12698412698412698
  },
  "OCSVM": {
    "pre": 0.4,
    "mid": 0.09302325581395349,
    "post": 0.12698412698412698
  },
  "ADWIN": {
    "pre": 0.0,
    "mid": 0.0,
    "post": 0.0
  },
  "anomaly_indices": [
    30,
    0,
    92,
    118,
    143,
    150,
    171,
    127
  ],
  "adwin_flags": []
}