{
  "unit": 2,
  "IF": {
    "pre": 0.75,
    "mid": 0.18181818181818182,
    "post": 0.06936416184971098
  },
  "OCSVM": {
    "pre": 0.16666666666666666,
    "mid": 0.17777777777777778,
    "post": 0.06936416184971098
  },
  "ADWIN": {
    "pre": 0.0,
    "mid": 0.0,
    "post": 0.0
  },
  "anomaly_indices": [
    30,
    0,
    22,
    31,
    92,
    118,
    91,
    105,
    204,
    140,
    165,
    167,
    269,
    234
  ],
  "adwin_flags": []
}