{
  "unit": 1,
  "IF": {
    "pre": 0.8571428571428571,
    "mid": 0.13953488372093023,
    "post": 0.08
  },
  "OCSVM": {
    "pre": 0.36363636363636365,
    "mid": 0.13636363636363635,
    "post": 0.08
  },
  "ADWIN": {
    "pre": 0.0,
    "mid": 0.0,
    "post": 0.0
  },
  "anomaly_indices": [
    30,
    0,
    22,
    92,
    118,
    91,
    153,
    167,
    143
  ],
  "adwin_flags": []
}